,country,comments,ratingbadge,ratingscore,checkin,typetripnights
0,id,Hotel Tentrem ada di jogja adalah sebuah hotel yang bagus dan menyenangkan,Bagus Sekali,"9,2",1 Jun 2019,Jalan-jalan keluarga 1 malam
1,id,"Hotel yang selalu saya pilih ketika berada di jogjakarta karena kamarnya luas , bersih dan nyaman. Sarapan lengkap dan enak juga es krim tolak angin yang saya suka tersedia free saat sarapan.",Sempurna,"8,0",15 Mei 2019,Perjalanan bisnis 1 malam
2,id,"semua baik, bersih, nyaman",Bagus Sekali,"10,0",28 Des 2018,Liburan romantis 1 malam
3,id,The staffs are very friendly. Variety of the Breakfast satisfy us.,Sempurna,"8,0",28 Des 2018,Jalan-jalan keluarga 1 malam
4,id,"Hotel yg mewah dan lengkap fasilitasnya, kamar juga luas.",Sempurna,"10,0",22 Des 2018,Jalan-jalan keluarga 2 malam
5,id,semuanya baik,Sempurna,"10,0",23 Des 2018,Jalan-jalan keluarga 1 malam
6,id,"Love the lemon grass smell in the lobby. Friendly staff. Lots of food varieties for buffet breakfast. Excellent gym. Spacious room with balcony. Mini bar is free. Free jahe kopi, kunyit asem, tolak angin beside coffee and teabags. The only minus is the wall is thin, you can hear the conversation from the room next door.",Sempurna,"10,0",16 Des 2018,Jalan-jalan keluarga 1 malam
7,id,"Very comfortable room, good bedroom and all facilities...nice restaurant etc",Sempurna,"10,0",30 Jul 2018,Perjalanan 2 malam
8,id,"Thou the bed sheet is not as clean as i expected (i found many left stains), but i found the room very comforting and the swimming pool is one of the best in Yogyakarta. The breakfast also excellent. The hotel staffs are nice and helpful.",Bagus Sekali,"10,0",27 Jun 2018,Perjalanan 3 malam
9,id,"Nice and lovely place, food is good and especially bakso",Sempurna,"8,0",18 Jun 2018,Perjalanan 3 malam
10,id,"the hotel is superb, great breakfast, nice room, perfect for family with the big playroom for kids.",Sempurna,"10,0",15 Agt 2017,Perjalanan 3 malam
11,id,good hotel for relaxing,Sempurna,"10,0",5 Jul 2017,Jalan-jalan keluarga 1 malam
12,us,Pool bar is a great place to hang out. Excellent room cleanliness and services,Sempurna,"10,0",24 Feb 2020,Liburan romantis 3 malam
13,us,"Love the breakfast, big bed and pool. Overall really satisfied!",Sempurna,"10,0",15 Des 2019,Jalan-jalan keluarga 3 malam
14,us,"Hotel is clean and comfortable.  Rooms are spacious and staff is friendly.  Location is convenient, not far from airport.  It is also not far to Malioboro and other attractions such as Prambanan.  However, be aware that traffic in Yogja is very slow and congested, so it can take 40-60 minutes to travel just 20Km by car.  Hotel breakfast is excellent!  We also had dinner one night, and the Balinese cuisine is excellent.  The only complaint I have is that the towels had a bad smell.  At first I thought it was just a bad batch, but the towels we received in the following days also did not smell good.  They had an odor as if the washing machines are not cleaning thoroughly.",Bagus Sekali,"10,0",27 Des 2019,Jalan-jalan keluarga 2 malam
15,us,There were 2 mosquitoes that I noticed flying around and bothering me all night long....the cleanliness in the bathroom area also not so good this time...hope to have a better experience next time.,Bagus,"8,0",17 Nov 2019,Perjalanan bisnis 1 malam
16,gb,"Love everything about this hotel, just like the name, it really feels ""tentrem"" the moment you step in into the hotel. The homey feeling, the warmest of the staff, the spacious room and the awesome breakfast. Not the mention, the superb location, easy to get around everywhere. Worth every penny. Very very recommended!",Sempurna,"6,0",28 Sep 2019,Perjalanan 2 malam
17,gb,It was a great experience,Sempurna,"10,0",15 Sep 2019,Jalan-jalan keluarga 2 malam
18,hk,ì˜¤ë°”ë§ˆê°€ ë¨¸ë¬¼ë €ë˜ í˜¸í…”ì´ë¼ì„œ ê¸°ëŒ€ë¥¼ í–ˆë˜ íƒ“ì¸ì§€ ì•½ê°„ ì˜¤ë˜ëœ ì‹œì„¤ì—ì„œ ì‹¤ë§ì„ í–ˆì§€ë§Œ ìˆ˜ì˜ì¥ë„ ì•„ë¦„ë‹µê³  ì¡°ì‹ë„ ì¢…ë¥˜ê°€ ë‹¤ì–‘í•´ì„œ ì¢‹ì•˜ìœ¼ë©° íŠ¹íˆ ì„œë¹„ìŠ¤ê°€ ì¢‹ê³  ì§ì›ë“¤ì´ ëª¨ë‘ ì›ƒëŠ” ì–¼êµ´ë¡œ ì¹œì ˆí•˜ê²Œ ëŒ€í•´ì£¼ë‹ˆ ì°¸ ì¢‹ì•˜ìŠµë‹ˆë‹¤.,Bagus Sekali,"10,0",11 Agt 2019,Jalan-jalan keluarga 2 malam
19,us,Very good.  But little bit far from center,Sempurna,"8,0",15 Agt 2019,Jalan-jalan keluarga 2 malam
20,sg,"Central location, good value for money and hospitable staff",Sempurna,"10,0",8 Agt 2019,Liburan romantis 4 malam
21,us,"This hotel has a very high standard in quality, service, food, cleanliness,  facilities and in everything. The price is very reasonable. Highly recommended.",Sempurna,"10,0",13 Agt 2019,Jalan-jalan keluarga 2 malam
22,us,It's truly kind staff and warm greetings to all guest,Sempurna,"10,0",13 Agt 2019,Jalan-jalan keluarga 2 malam
23,sg,"My roow was next to house keepers' stock room. At daytime, a lot of noise and could not have a good rest. Night time was quiet.",Bagus Sekali,"10,0",8 Agt 2019,Perjalanan 2 malam
24,us,The room service food was not too nice...the buffet breakfast was great,Sempurna,"8,0",19 Jul 2019,Jalan-jalan keluarga 2 malam
25,id,Asking for near lift room but dont have (already written). Complimentary in room reduced from time to time.,Bagus Sekali,"10,0",9 Jul 2019,Jalan-jalan keluarga 1 malam
26,hk,"Very nice stay indeed. Staff are friendly and helpful. The room was spacious, up-to-date and clean. Got a great choice of room service menu. The breakfast included is amazing, lots of food choices and taste good as well. Location is not exactly close to any attraction but grab is too cheap here to make you care.",Sempurna,"8,0",1 Jul 2019,Liburan romantis 3 malam
27,sg,"Excellent. Iâ€™ll recommend it for families and couples. Nice hotel, very attentive staff. As our tours were very early, the hotel arranged breakfast boxes at no cost. We were celebrating our sonâ€™s birthday and the hotel arranged a cake for us, left it in our room, at no cost. One night we ate at the poolside but the restaurant were full but the staff took the trouble to set a table up for our party of 6. Everyone enjoyed the stay. Will be back.",Sempurna,"10,0",14 Jun 2019,Jalan-jalan keluarga 3 malam
28,us,"Friendliness, uniqueness, great food, family oriented",Sempurna,"10,0",10 Jun 2019,Jalan-jalan keluarga 1 malam
29,gb,Lovely pool in a hotel that is new and clean with high build quality.,Sempurna,"10,0",21 Mei 2019,Liburan romantis 4 malam
30,id,"The hotel is great and nice. Love the smell and welcome drink + cold towel after a hot day from Prambanan. The staff are great and very nice. Love the batik store.

Elevator is not very convinient. We have to go back to lobby from our room and asked for the staff to send us to the other room

Breakfast choice are great but somehow i donâ€™t know why, it wasnt appealing. Taste is acceptable but not wow

The corner room with balcony is hell at night. Windows are not soundproof. Sounds from the street and people working was so loud, we couldnt sleep at all",Bagus,"10,0",14 Apr 2019,Jalan-jalan keluarga 2 malam
31,au,Itâ€™s an excellent hotel to stay in.,Sempurna,"6,0",5 Apr 2019,Liburan romantis 3 malam
32,id,Good hotel with local touch and food....amazing,Sempurna,"10,0",1 Apr 2019,Jalan-jalan keluarga 3 malam
33,sg,"I have been to this hotel since 2018. I never feel tired with their wonderful service. The staff always cater to your needs when it is needed. I love their menu during breakfast full of choices! 
The room is so spaciois with free drinks in the fridge and clean too!. Nice and spacios balcony with large sofa to relax.
Love their pillows too!
Experience on your own and u know what I meant!",Sempurna,"10,0",11 Mar 2019,Perjalanan bisnis 2 malam
34,sg,I have been patronized this hotel since 2018. Everytjing is good! Many choices of food! Staff always ready to serve and greet their guests. Room is spacious and clean. Free drinks from room fridge .cant describe more but gd to experience on yr own!,Sempurna,"10,0",11 Mar 2019,Perjalanan bisnis 2 malam
35,us,"Breakfast buffet was excellent!
Bed was super comfort and clean!",Sempurna,"10,0",26 Feb 2019,Jalan-jalan keluarga 1 malam
36,sg,Excellent quality of mattress & pillows. Excellent breakfast buffet. Beautiful pool. Fantastic services from the staffs.,Sempurna,"10,0",5 Feb 2019,Liburan romantis 1 malam
37,us,Amazing hotel at amazing price!! I live that in Yogyakarta the best hotels cost less than a motel in the northeast US.,Sempurna,"10,0",2 Jan 2019,Perjalanan 2 malam
38,au,Really nice hotel with good facilities. The room was lovely. Kids liked the pool and kids club.,Sempurna,"10,0",22 Des 2018,Jalan-jalan keluarga 4 malam
39,us,We love the hotel. Breakfast is great and my family enjoy the food at Summer Palace.,Sempurna,"10,0",27 Des 2018,Jalan-jalan keluarga 2 malam
40,us,"Hotel Tentrem refused to refund my money or change days of the booking when I had immigration issues.
This is poor business practice! I have emailed their head office to alert them of this injustice.",Buruk,"10,0",24 Des 2018,Perjalanan 6 malam
41,cn,Everything are perfect! For sure weâ€™ll come again.,Bagus Sekali,"2,0",18 Des 2018,Jalan-jalan keluarga 3 malam
42,sg,Hotel is nice but the staff is very untrained. They would charge me for an extra blanket when the room was cold. The lounge would close early,Buruk,"8,0",17 Des 2018,Perjalanan 2 malam
43,sg,"Not very nice surrounding.
But after expressing my disappointment
The hotel manager addressed my concern",Bagus,"2,0",13 Nov 2018,Perjalanan 3 malam
44,id,Love ğŸ˜ my kids very happy,Sempurna,"6,0",16 Nov 2018,Jalan-jalan keluarga 1 malam
45,au,Great room and lovely staff. Very helpful and friendly,Sempurna,"10,0",13 Nov 2018,Perjalanan 2 malam
46,gb,"I am a regular customer there and surprisingly the staff can remembered me and treated me well.u name it from the front counter, spa services, porter services and breakfast front counter. They are polite and customer service oririented. They treasure customer's feedback seriously and rectify the problem immdiately. They ensure their customer is satisfy with the sevice given. Met Emdri in charge of the breakfast area.He willingly went thru about some food and in fact he went to check with chef if the food has any ingredients that I cant eat and came back to.me to explain
 Well applause. 
Moyaes is one the spa Therapist avery gd one and fully recommended if u can still hard massage.
For front counter Sevi, Nathalia & Alex are the most excellent staff and deal well customers.",Sempurna,"10,0",1 Okt 2018,Perjalanan 1 malam
47,us,"Great hotel, Great breakfast, absolutely worth it to stay",Sempurna,"10,0",3 Sep 2018,Perjalanan bisnis 4 malam
48,sg,"Surrounding has nothing much. That being said, the hotel itself has everything i need. Including some of the best food around.",Sempurna,"10,0",4 Sep 2018,Perjalanan bisnis 3 malam
49,hk,Nice hotel,Sempurna,"10,0",4 Sep 2018,Perjalanan bisnis 3 malam
50,sg,Good location. Nice hotel. Fast check-in and check-out. Excellent service. Highly recommended.,Sempurna,"9,2",23 Agt 2018,Liburan romantis 2 malam
51,gb,"We have an excellent stay at Hotel Tentrem with good service, good spread of breakfast & spacious room.
Overall, the experience is awesome.",Sempurna,"10,0",10 Agt 2018,Perjalanan 2 malam
52,gb,"Beautiful hotel, amazing service with the biggest smiles on the planet, a breakfast selection that is        S U P E R B and you would be hard pushed to beat this hotel for opulence and value! Definitely ranks as our favourite hotel in Yogya! We will most certainly be back - every time!

Delightful reception check-in and check-out  - the whole experience - faultless!",Sempurna,"10,0",2 Agt 2018,Liburan romantis 2 malam
53,us,Excellent hotel. Only the bathroom door needs to be fixed so the water from the shower wont flow outside shower. Thanks,Bagus Sekali,"10,0",3 Agt 2018,Liburan bersama teman 2 malam
54,us,"Excellent hotel. Great pool, fantastic gym, great spa, great breakfast, friendly service.",Sempurna,"8,0",30 Jul 2018,Liburan bersama teman 3 malam
55,my,Excellent experience! One of a kind thatâ€™s different from other hotel,Sempurna,"10,0",11 Jul 2018,Perjalanan 1 malam
56,id,Great Hotel with a great Atmosphere.,Sempurna,"10,0",22 Jun 2018,Jalan-jalan keluarga 1 malam
57,gb,"A very nice hotel in Jogjakarta although you cannot expect the tranquility as the hotel sit in city center. We were staying for a family vacation. Kids loves the pool. They have various breakfast menus, perhaps the most complete one in Jogjakarta.",Sempurna,"10,0",14 Jun 2018,Perjalanan 1 malam
58,in,"Tentrem was a mixed experience. The location is ok, the hotel serves a great breakfast and the spa area and pool were wonderful. What spoiled the experience was the service. The room thermostat  was set to freezing and could not be changed in-room. When we requested extra blankets for the night, they said they'd charge 650,000 IDR for each. We asked that they raise the temp and they said they would, but they couldn't do that either. Even after that, would not provide extra blankets. We had to keep switching the Ac off and on through the night to be comfortable. Seemed an oddly cussed policy and and unhelpful attitude for an otherwise great hotel.",Bagus Sekali,"10,0",2 Jun 2018,Jalan-jalan keluarga 2 malam
59,au,"One day there was no cleanesses. The hotel apoligized with a nice tastful cake.
It can happened.",Bagus Sekali,"8,0",29 Mei 2018,Perjalanan 4 malam
60,us,,Bagus Sekali,"8,0",25 Mei 2018,Jalan-jalan keluarga 2 malam
61,id,It was very nice staying in this very pleasant hotel! The room is very nice and large enough. The service is very good and very friendly. It was a great pleasure to stay here.,Sempurna,"8,0",29 Mei 2018,Liburan romantis 2 malam
62,as,Love this hotel very much. Everything and everyone is super cool. Breakfast was excellent - lots of varieties. Will definitely make a come back and recommend to my family and friends,Sempurna,"10,0",6 Mei 2018,Perjalanan keluarga
63,us,"The food is disgusting - the worst experience I have ever had, and I've traveled to over 30 countries. The staff is absurd - they don't speak English and they are confused and forgetful. The hotel is not comfortable - we set the AC low and it didn't budge past a certain temperature all night. The lights were flickering in the bathroom. The worst part? THE SHOWERS WERE COLD!! OMG do you have any idea how awful it is to deal with a cold shower? For two days in a row? WTF. The hotel was so noisy with kids screaming in the hallway and room next door, that we had to change rooms in the middle of the night. It sucked, the whole stay has been awful from start to finish. Had crappy pizza from room service two nights in a row. The food sucked.",Buruk,"10,0",26 Apr 2018,Perjalanan 2 malam
64,id,"It was a nice stay, got a late check out until 2pm",Bagus Sekali,"2,0",24 Apr 2018,Perjalanan keluarga
65,au,"Inhad wonderful time at Tentrem Hotel. The room was spacious and the bedding was top quality. 

The pool and the fitness club were top notch. They even have chilled and heated pool to boost recovery after a hard workout.",Sempurna,"8,0",7 Apr 2018,Perjalanan romantis
66,sg,"Very good overall - transfer from airport to hotel was on time and hassle free, hotel was very nice and location was good - not too noisy with some convenience nearby.  Staff assisted with tours which was helpful, some limitations through their provider.  Best to book in advance.  Good food at reasonable price.  Nice spa services, good gym and pool.",Sempurna,"10,0",30 Mar 2018,Perjalanan 3 malam
67,gb,"We arrived late and when we checked in staff tried to put up our room for another listing. Very bad. Otherwise very good hotel. Just staff needs to be professional and ethical. Really destroys our holiday mood when arrived after a flight, tired and when we check in, there's problem with our room",Bagus,"10,0",22 Des 2017,Perjalanan 1 malam
68,gb,"It's quite a nice hotel, stayed here with friends. Friends love it so much, I didn't It felt too try hard, but still overall a nice hotel. I very dislike the weird smell of their room perfume, smells funny",Bagus,"6,0",29 Nov 2017,Perjalanan 2 malam
69,us,"This hotel is stunning. The lobby is so picturesque and overlooks a beautiful swimming pool. I had coffee by the pool every morning and ate the most delicious breakfast in the restaurant, which features a smorgasbord of fine breakfast (American and Indonesian) cuisine. The rooms are terrific and clean and the staff is so warm and friendly and welcoming. You feel right at home but totally pampered the entire time of your stay. I wouldnâ€™t consider staying anywhere else when visiting Yogyakarta and made many new friends while at the hotel and in the city.",Sempurna,"6,0",9 Feb 2018,Perjalanan 11 malam
70,my,"The room was clean overall but some of the corners in the room were dusty (eg. Balcony area, the couch area). The staffs were really helpful and polite.",Bagus Sekali,"10,0",16 Feb 2018,Perjalanan 2 malam
71,sg,"If in Jogja this is a great choice. Make sure to visit spa, itâ€™s exellent.",Bagus Sekali,"8,0",5 Jan 2018,Perjalanan 2 malam
72,sg,Lack of food options ard the hotel. Great hotel nonetheless. Helpful and cheerful staff makes the stay great,Bagus Sekali,"8,0",1 Jan 2018,Liburan romantis 3 malam
73,gb,"very spacious rooms, very clean and highest quality fixtures. also most complete breakfast selections.",Sempurna,"8,0",2 Jan 2018,Perjalanan 2 malam
74,au,"First of all nothing compare with the manners n quality of their staff. They are super dooper friendly and polite. Huge thank you to Novi for quick response with the problem during my stay. 
The breakfast food is really yummy n huge selection. 
The room is very clean and very comfortable. The quality  and services are the best.",Sempurna,"10,0",27 Des 2017,Perjalanan 2 malam
75,as,Short holiday trip to Yogyakarta. The hotel room was nice. Breakfast was marvelous. The kids club staff is not professional.,Sempurna,"10,0",20 Des 2017,Jalan-jalan keluarga 2 malam
76,gb,"Our family member passed a way the day of check-in, we called Expedia to help cancel our reservation. Hotel said NO CANCELLATION ALLOWED. 

So, we decided to delay our sorrow and took time off for x'mas weekend. However, upon checking-in, hotel said our reservation was cancelled by Expedia, eventhough in our booking it is still confirmed.

Turned out the hotel management cancelled our reservation without our consent, and relisted our rooms for last minute sale, maybe because they think we would not show up, and they could get extra money by selling a ""No Show"" Rooms. We had to fight alongside Expedia to get our bookings reinstated. SAD! Management need to reflect upon what they did here..",Buruk,"10,0",22 Des 2017,Perjalanan 1 malam
77,as,"Wonderful time at the hotel. Although the inroom temperature was quite cold, we tried to adjust the ac, but had no luck. But overall, everything was extraordinary!!!!",Sempurna,"2,0",15 Des 2017,Jalan-jalan keluarga 3 malam
78,my,Friendly hotel staffs and wide spread of breakfast buffet spoil with many choices.,Sempurna,"10,0",13 Des 2017,Liburan romantis 2 malam
79,sg,"Very nice and comfortable hotel room and facility, the staffs are friendly and helpful. I left my bag in the taxi, and the concierge staffs able to track and get it back for me. Thank you very much for the hospitality.",Sempurna,"10,0",25 Nov 2017,Liburan bersama teman 1 malam
80,ca,"Definitely my number 1 choice if I come back to Jogja

Staff were friendly, room super clean and comfortable! Breakfast was great! 

Overall superb! Thank you for making my trip in Jogja so pleasurable.",Sempurna,"10,0",16 Nov 2017,Perjalanan 1 malam
81,as,"Amazing, Cosy & Nice foods!",Sempurna,"10,0",9 Okt 2017,Liburan romantis 3 malam
82,as,Love the smells of jamu at every corner. Will be back again.,Sempurna,"10,0",3 Okt 2017,Jalan-jalan keluarga 1 malam
83,as,"Really comfortable place to stay, the air of the entire hotel is with citronella fragrance, the smile of all the staffs, excellent breakfast, spacious room and good bedding, ...., I'm really satisfied with their services.",Sempurna,"10,0",16 Sep 2017,Perjalanan bisnis 2 malam
84,as,"The breakfast buffet was out of this world. Huge, extensive, and delicious!",Sempurna,"10,0",6 Sep 2017,Liburan romantis 1 malam
85,as,Lovely hotel with very friendly staff. Prices of food in restaurants and spa treatments are very reasonable. Love the hot tub provided in the changing room. The downside is that the live band was too loud on Saturday night coz we stayed on the second floor. The hotel should also improve on the internet speed for Smart TV coz can't really watch anything on streaming!,Sempurna,"10,0",14 Jul 2017,Jalan-jalan keluarga 3 malam
86,us,"I can't imagine a better place to stay. Great beds, amazing food.",Sempurna,"10,0",6 Jul 2017,Perjalanan 2 malam
87,jp,æ¥å®¢ã€æ–½è¨­ã¨ã‚‚ã«æœ€é«˜ã§ã—ãŸã€‚ãƒ—ãƒ¬ã‚°ãƒ©ã‚‚å­ä¾›ã«å¤§äººæ°—ã€‚,Sempurna,"10,0",25 Okt 2019,Jalan-jalan keluarga 2 malam
88,de,"Very, very helpful, friendly , honest and concerned staff.  Money change  with no extra charge and very good exchange rate (internet ex rate), no money changer or bank necessary. Breakfast on fleak, huge range of dishes - yummy, recommend buffet at hotel's Cinese Restauarant.",Sempurna,"10,0",5 Okt 2019,Liburan romantis 4 malam
89,fr,"We spent 4 night in this hotel and enjoyed the space rooms and nice pool. Special mention to the staff who was extremely friendly and helpful during all our stay. The breakfast buffet is one of the most generous we have ever seen. But the major drawback is the noisiness of the place: room have not been soundproofed well and you can hear motorbikes all night. And worst, there is a military compound 200m away who woke us up at 6:30 with yelling orders and military music....",Bagus,"10,0",20 Sep 2019,Perjalanan 3 malam
90,jp,"I relaxed at everywhere in the hotel (lobby, elevator hall, room, restaurants, poolside, etc.).",Sempurna,"6,0",9 Agt 2019,Jalan-jalan keluarga 2 malam
91,it,Hotel fantastico. Servizio perfetto. Pulizia top. Anche il ristorante Ã¨ di ottimo livello. Camere con letti king super spaziose. Non manca nulla. L'unico problema Ã¨ che te ne devi andare!,Sempurna,"10,0",9 Agt 2019,Liburan romantis 6 malam
92,jp,éƒ¨å±‹ã¯ç¶ºéº—ã€‚æœé£Ÿãƒã‚¤ã‚­ãƒ³ã‚°ã¯é…’é¡ãŒè±Šå¯Œã§é£Ÿã¹ãã‚Œãªã„ãã‚‰ã„ã€‚,Sempurna,"10,0",8 Agt 2019,Jalan-jalan keluarga 1 malam
93,it,"Hotel splendido, con tutti i confort possibili, ottima colazione e ottimi ristoranti al suo interno.
Staff disponibilissimo e SPA fantastica!",Sempurna,"10,0",28 Jul 2019,Liburan romantis 2 malam
94,jp,"ãƒ¬ã‚¹ãƒˆãƒ©ãƒ³
ä¸­è¯ã¯æœ€é«˜ã§ã™æ™‚é–“ã¯ã‹ã‹ã‚Šã¾ã™ãŒç¾å‘³ã—ã„ã§ã™ã‚ˆï¼",Bagus Sekali,"10,0",28 Jul 2019,Perjalanan bisnis 2 malam
95,jp,ãƒ›ãƒ†ãƒ«ã®å¤–è¦³ã¯å¤§å¤‰é‡åšã§åˆãƒ¬ã‚»ãƒ—ã‚·ãƒ§ãƒ³ç­‰ã‚‚è‰¯ãå‡ºæ¥ã¦ã„ã¾ã—ãŸã€‚ã“ã®ãƒ›ãƒ†ãƒ«ã®ã‚µãƒ¼ãƒ“ã‚¹é–¢ä¿‚ã¯ã‚¹ã‚¿ãƒƒãƒ•æ•™è‚²ã‚‚è‰¯ãã•ã‚Œã¦ã„ã‚‹æ§˜ã§å¤§å¤‰æº€è¶³ã®è¡Œãç‰©ã§ã—ãŸãŒã€éƒ¨å±‹ã«å…¥ã£ã¦é©šã„ãŸã®ã¯ã€éš£å®¤ã®éŸ³ãŒä¸¸èã“ãˆã€éš£ã«ã¯å­ä¾›ãŒã„ãŸæ§˜ã§ã€å­ä¾›ã®é«˜ã„å£°ã€æ³£ãå«ã¶å£°ãŒä¸¸èã“ãˆã€åç´ã®é–‹ã‘é–‰ã‚ã€æ¤…å­ã‚’å‹•ã‹ã™éŸ³ã‚‚ãã®ã¾ã¾èã“ãˆã€å®‰ã„ãƒ“ã‚¸ãƒã‚¹ãƒ›ãƒ†ãƒ«ã®æ§˜ã§ã—ãŸã€‚å½“ç„¶éƒ¨å±‹ã®ä¸Šéšã®æ­©ãéŸ³ç­‰ã‚‚æ°—ã«ãªã‚Šã¾ã—ãŸã€‚,Bagus,"8,0",14 Jun 2019,Liburan romantis 4 malam
96,kr,ìµœê³ ë¡œ íœ¼ë¥­í•œ í˜¸í…”ì´ë©° í›„íšŒì—†ëŠ” ì„ íƒ,Sempurna,"6,0",18 Mei 2019,Liburan bersama teman 3 malam
97,kr,ì§ì›ë“¤ë„ ì¹œì ˆí•´ì„œ í¸ì•ˆí–ˆìŒ.  ì‹œì„¤ë„ ì²­ê²°í•˜ê³  ìœ„ì¹˜ë„ ì¢‹ì•„ì„œ ì¦ê±°ìš´ ì—¬í–‰ì´ ë˜ì—ˆìŒ.,Sempurna,"10,0",7 Mar 2019,Liburan romantis 2 malam
98,jp,"ã¾ãšãƒ­ãƒ“ãƒ¼ã®å¤©äº•ãŒåºƒãã€ãƒ¬ãƒ¢ãƒ³ã‚°ãƒ©ã‚¹ã®ã„ã„é¦™ã‚ŠãŒæ¼‚ã„ã€è±Šã‹ãªæ°—æŒã¡ã«ãªã‚Œã¾ã™ã€‚
éƒ¨å±‹ã®ã‚¤ãƒ³ãƒ†ãƒªã‚¢ã¯ã‚»ãƒ³ã‚¹ãŒè‰¯ãã€ã§ãƒ™ãƒƒãƒ‰ãƒ¡ã‚¤ã‚­ãƒ³ã‚°ã‚‚ã‚ˆã‹ã£ãŸã§ã™ã€‚ã‚·ãƒ£ãƒ¯ãƒ¼ãƒ˜ãƒƒãƒ‰ã«æ°´å¢ãŒè©°ã¾ã‚Šã€ã‚·ãƒ£ãƒ¯ãƒ¼ã®å‡ºãŒæ‚ªã‹ã£ãŸã§ã™ãŒãƒ•ãƒ­ãƒ³ãƒˆã«é€£çµ¡ã—ãŸã‚‰æ–°ã—ã„ã‚·ãƒ£ãƒ¯ãƒ¼ãƒ˜ãƒƒãƒ‰ã‚’æŒã£ã¦ãã¦ã‚‚ã‚‰ãˆã¾ã—ãŸã€‚
å¤§ããªãƒ›ãƒ†ãƒ«ãªã®ã§ã€æœé£Ÿãƒ–ãƒƒãƒ•ã‚§ã¯ã‚µãƒ¼ãƒ“ã‚¹ãŒé–“ã«åˆã£ã¦ãŠã‚‰ãšãƒ‡ã‚¶ãƒ¼ãƒˆã¯ã»ã¨ã‚“ã©æ®‹ã£ã¦ã„ã¾ã›ã‚“ã§ã—ãŸã€‚",Bagus Sekali,"10,0",24 Des 2018,Liburan romantis 1 malam
99,de,Sehr edel und sehr schÃ¶n...........................,Sempurna,"8,0",19 Des 2018,Perjalanan 1 malam
100,ch,"Huge hotel, big breakfast, I can recommend it!",Sempurna,"9,2",4 Nov 2018,Liburan romantis 2 malam
101,jp,SUPAã®ãŠé¢¨å‘‚ã¯æ³³ã’ã‚‹ã»ã©åºƒãã¦ã‚µã‚¦ãƒŠã‚‚ã‚ã‚Šæœ€é«˜ã§ã—ãŸï¼GYMã‚‚åºƒãã¦å™¨å…·ã‚‚å¤šãã€ãªã«ã‚ˆã‚Šã™ã¹ã¦ç„¡æ–™ã¨ã„ã†ã®ãŒæœ€é«˜ã§ã™ï¼ã¾ãŸæ¥ã¾ã™ï¼,Sempurna,"10,0",7 Des 2018,Liburan romantis 2 malam
102,jp,ã‚¸ãƒ§ã‚°ã‚¸ãƒ£ã‚«ãƒ«ã‚¿ä¸­å¿ƒè¡—ã«è¿‘ã„è½ã¡ç€ã„ãŸãƒ›ãƒ†ãƒ«,Bagus Sekali,"10,0",15 Nov 2018,Perjalanan 2 malam
103,jp,è¦³å…‰åœ°ã«è¿‘ã„è±ªè¯ãªãƒ›ãƒ†ãƒ«ï¼ã‚¸ãƒ ã‚„ãƒ—ãƒ¼ãƒ«ã€ãƒ¬ã‚¹ãƒˆãƒ©ãƒ³ã€ãƒãƒ¼ã©ã®æ–½è¨­ã‚‚ç´ æ•µã§ã™ã€‚,Sempurna,"8,0",15 Okt 2018,Perjalanan bisnis 1 malam
104,jp,"near Gadjah Mada University
free minibar",Sempurna,"10,0",15 Okt 2018,Perjalanan bisnis 1 malam
105,jp,ã‚­ãƒ³ã‚°ã‚µã‚¤ã‚ºã®ãƒ™ãƒƒãƒ‰ã¨ã€å¤§ããªé•·ã‚½ãƒ•ã‚¡ãƒ¼ã§ã‚†ã£ãŸã‚Šã¾ã£ãŸã‚Šã—ã€ãƒ†ãƒ¬ãƒ“ã¯è¡›æ˜Ÿæ”¾é€ãŒè‰²ã€…ã‚ã£ã¦ã€ãƒ«ãƒ¼ãƒ ã‚µãƒ¼ãƒ“ã‚¹ã®ãŠé£Ÿäº‹ã®ç¨®é¡ã‚‚è±Šå¯Œã§ã—ãŸã€‚ãƒ¢ã‚¹ã‚¯ ãŒè¿‘ãåˆæ—¥ã¯ãã®éŸ³é‡ã«é©šãã¾ã—ãŸã€‚ã‚‚ã†å°‘ã—ã€ã‚¬ãƒ©ã‚¹ãŒåšã‘ã‚Œã°ã€ã•ã»ã©ã§ã¾ãªã„ã®ã‹ã‚‚ã—ã‚Œã¾ã›ã‚“ã­ã€ã‚ã¨ã€æœé£Ÿã¯ã¨ã£ã¦ã‚‚ç¾å‘³ã—ã„ã‹ã£ãŸã§ã™ã€‚,Sempurna,"10,0",30 Sep 2018,Jalan-jalan keluarga 2 malam
106,jp,"ã‚¸ãƒ§ã‚°ã‚¸ãƒ£ã‚«ãƒ«ã‚¿ã«åˆã‚ã¦æ¥ã¦ã€ã“ã¡ã‚‰ã®ãƒ›ãƒ†ãƒ«ã«2æ³Šã—ã¾ã—ãŸã€‚
å½“ç„¶ã«æœ‰åãªãƒ›ãƒ†ãƒ«ã‚‰ã—ãã€ç©ºæ¸¯ã‹ã‚‰ã®å€‹äººã‚¿ã‚¯ã‚·ãƒ¼ã«ã¯åå‰ã ã‘ã§ä¼ã‚ã‚Šã¾ã—ãŸã€‚äº‹å‰ã«ãƒã‚§ãƒƒã‚¯ã—ãŸå†™çœŸä»¥ä¸Šã«ãƒ›ãƒ†ãƒ«ã®ãƒ—ãƒ¼ãƒ«ã¯ç¾ã—ãã€ãƒ—ãƒ¼ãƒ«ã‚µã‚¤ãƒ‰ã§ã‚†ã£ãŸã‚Šéã”ã™ã«ã¯ã„ã„é›°å›²æ°—ã§ã—ãŸã€‚
ã‚ªãƒãƒå…ƒå¤§çµ±é ˜ãªã©ã®è‘—åäººã‚‚ãŸãã•ã‚“æ³Šã¾ã£ã¦ã„ã‚‹ã‚ˆã†ã§ã€ãƒ›ãƒ†ãƒ«ã®æ ¼å¼ã¨ã—ã¦ã¯ååˆ†ã¨æ€ã„ã¾ã—ãŸã€‚ä¸€éšã®ãƒ©ã‚¦ãƒ³ã‚¸ã§22æ™‚éãã«é£Ÿäº‹ã‚’ã¨ã‚Šã¾ã—ãŸãŒã€é£²é£Ÿãƒ¡ãƒ‹ãƒ¥ãƒ¼ã¯å……å®Ÿã—ã¦ã„ã¦ã€å‘³ã‚‚æŠœç¾¤ã§ã—ãŸã€‚ãƒ©ã‚¦ãƒ³ã‚¸ã§ã¯ç”Ÿæ¼”å¥ã®æ­Œæ‰‹ãŒå¿ƒåœ°ã‚ˆãæ­Œå£°ã‚’éŸ¿ã‹ã›ã¦ã„ã¾ã—ãŸã€‚
æœé£Ÿãƒ“ãƒ¥ãƒƒãƒ•ã‚§ã®å“ãã‚ãˆã‚‚æœ€é«˜ã§ã€é£½ãã‚‹ã“ã¨ãªãé£Ÿã¹ã‚‹ã“ã¨ãŒã§ãã¾ã—ãŸã€‚ã—ã‹ã‚‚ã€ãƒ©ã‚¤ãƒ³ãƒŠãƒƒãƒ—ã¯ã‚¤ãƒ³ãƒ‰ãƒã‚·ã‚¢ã®åœ°å…ƒæ–™ç†ç³»ã®ã‚¢ãƒ¬ãƒ³ã‚¸æ–™ç†ãŒä¸­å¿ƒã ã£ãŸã®ã§ã€ç¾åœ°æ–™ç†ã‚’ã„ã‚ã„ã‚å‘³ã‚ãˆãŸã¨ã„ã†æº€è¶³æ„Ÿã‚‚ã‚ã‚Šã‚ˆã‹ã£ãŸã§ã™ã€‚
ãƒ›ãƒ†ãƒ«ã®éƒ¨å±‹ã‚‚åºƒãã¦ã€ãƒ‰ã‚¢ã‚’é–‹ã‘ãŸç¬¬ä¸€å°è±¡ã¯æŠœç¾¤ã§ã—ãŸãŒã€æ®‹å¿µãªã®ã¯æƒé™¤ã®ãƒ¬ãƒ™ãƒ«ã§ã—ãŸã€‚éƒ¨å±‹ã®éš…ã€…ã‚„ã€ãƒã‚¹ãƒ«ãƒ¼ãƒ ãªã©ã®æ°´å ´ã®è¶³å…ƒå‘¨è¾ºã¯æƒé™¤ãŒä¸ååˆ†ã§ã€ã‚„ã‚„æ°—ã«ãªã‚‹ãƒ¬ãƒ™ãƒ«ã§ã™ã€‚å¹´æ•°ã‚’é‡ã­ãŸã‚‰ã‚‚ã£ã¨è‰¯ããªã„çŠ¶æ…‹ã«ãªã‚Šãã†ã§ã—ãŸã€‚
å…¨ä½“ã®å°è±¡ã¨ã—ã¦ã¯ã€ã©ã“ã‹ã®è¥¿æ´‹é¢¨ãªé«˜ç´šãƒ›ãƒ†ãƒ«ã¨ã„ã†ã‚ˆã‚Šã¯ã€åœ°å…ƒæ„ŸãŒæ®‹ã£ã¦ã„ã‚‹æœ€é«˜ç´šãƒ›ãƒ†ãƒ«ã¨ã„ã†å°è±¡ã§ã€ã¨ã¦ã‚‚æº€è¶³ã§ãã¾ã—ãŸã€‚",Bagus Sekali,"10,0",13 Sep 2018,Perjalanan 2 malam
107,tw,"Be aware of the taxi service that the hotel arranged for the customer. Other than that, the overall experience is excellent!",Sempurna,"8,0",18 Sep 2018,Perjalanan bisnis 1 malam
108,de,"Nettes und neuwertiges Hotel, Zimmer etwas hellhÃ¶rig, groÃŸartiges FrÃ¼hstÃ¼ck",Bagus Sekali,"10,0",11 Agt 2018,Perjalanan 2 malam
109,jp,å€¤æ®µã®å‰²ã«é«˜ç´šæ„ŸãŒã‚ã‚Šã‚ªã‚¹ã‚¹ãƒ¡ã®ãƒ›ãƒ†ãƒ«ã§ã™,Sempurna,"8,0",11 Agt 2018,Jalan-jalan keluarga 1 malam
110,jp,"ã‚³ã‚¹ãƒ‘ã®è‰¯ã„ãƒ›ãƒ†ãƒ«ã§ã™ã€‚
å¤œã”ã¯ã‚“+ãƒ“ãƒ¼ãƒ«2æ¯ã§3000å††ã‚‚ã‚ã‚Œã°è¶³ã‚Šã‚‹ã®ã§ã€
ãƒ›ãƒ†ãƒ«ã§é£Ÿã¹ã‚‹å¾¡é£¯ã¨ã—ã¦ã¯å®‰ã„ã¨æ€ã„ã¾ã—ãŸã€‚",Sempurna,"10,0",11 Agt 2018,Perjalanan 3 malam
111,tw,é£¯åº—æœ¬èº«å¾ˆå¥½ï¼Œä½†æ—©é¤é¤é»ç¨å«Œä¸å¤ ç¾å‘³ï¼Œé™„è¿‘çš„ç’°å¢ƒä¸å¤ªå¥½ï¼Œä¸å¤ªæ•¢åœ¨å¤–é¢ä»»æ„èµ°å‹•,Sempurna,"10,0",9 Jul 2018,Perjalanan bisnis 2 malam
112,fi,"Upea, ylellinen hotelli erittÃ¤in kohtuuhintaisesti",Sempurna,"10,0",3 Mei 2018,Perjalanan 10 malam
113,jp,ã‚³ã‚¹ãƒˆãƒ‘ãƒ›ãƒ¼ãƒãƒ³ã‚¹ãŒé«˜ãã€éå¸¸ã«æº€è¶³åº¦ã®é«˜ã„ãƒ›ãƒ†ãƒ«,Sempurna,"10,0",7 Mei 2018,Perjalanan keluarga
114,co,Excelente,Sempurna,"10,0",3 Apr 2018,Perjalanan romantis
115,jp,"Overall, it was quite good.
Only one request is that it'd be nice if juices selection at breakfast buffet becomes fresh one.",Bagus Sekali,"10,0",28 Mar 2018,Perjalanan bisnis
116,jp,æ¸…æ½”ã§ã‚¹ã‚¿ãƒƒãƒ•ã‚‚ãƒ•ãƒ¬ãƒ³ãƒ‰ãƒªãƒ¼ã€æœé£Ÿã‚‚ç¨®é¡å¤šãç¾å‘³ã—ã‹ã£ãŸã€‚æ¬§ç±³äººãŒå°‘ãªããƒ—ãƒ¼ãƒ«ã‚’åˆ©ç”¨ã™ã‚‹äººã¯ã„ã¾ã›ã‚“ã§ã—ãŸã€‚ã»ã¼ç‹¬å ã€‚æ—¥æœ¬äººã«ã‚ªã‚¹ã‚¹ãƒ¡ã®ãƒ›ãƒ†ãƒ«ã ã¨æ€ã„ã¾ã™ã€‚ãƒãƒªã‚ªãƒœãƒ­ã¸ã®ç„¡æ–™ã‚·ãƒ£ãƒˆãƒ«ãƒã‚¹ã®ä¹—ã‚Šæ–¹ãŒã‚¢ãƒŠã‚¦ãƒ³ã‚¹ã•ã‚Œã¦ãŠã‚‰ãšåˆ†ã‹ã‚Šã«ãã‹ã£ãŸã®ãŒæ®‹å¿µã€‚,Sempurna,"8,0",21 Feb 2018,Liburan romantis 2 malam
117,kr,ë°©ë„ ê´œì°®ê³  ì¡°ì‹ë„ ë§¤ìš° ë§Œì¡±ìŠ¤ëŸ¬ì› ì–´ìš”,Sempurna,"10,0",4 Feb 2018,Perjalanan bisnis 4 malam
118,kr,ì „ë°˜ì ìœ¼ë¡œ ë§Œì¡±í•  ë§Œí¼ ì¢‹ì€ í˜¸í…”ì´ì—ˆìŒ,Bagus Sekali,"10,0",2 Feb 2018,Perjalanan bisnis 6 malam
119,kr,"ìˆ˜ì˜ì¥ì€ ì§ì ‘ ì´ìš©í•´ë³¸ ê²°ê³¼ ì™¸ê´€ìƒ ë©‹ìˆê³  ì´ìš©ì— ë¶ˆí¸í•¨ì€ ì—†ìœ¼ë‚˜ ìˆ˜ì§ˆì´ ì •ë§ ê¹¨ë—í•œì§€ ì•„ë‹Œì§€ì— ëŒ€í•´ì„œëŠ” ì •í™•íˆ í‰ê°€í•˜ê¸°ê°€ ê³¤ë€í•˜ë„¤ìš”. í…Œë‹ˆìŠ¤ì¥ì˜ ê²½ìš° ì›í¬ì¸íŠ¸ ë ˆìŠ¨ì„ ë°›ì•˜ëŠ”ë° ì œ ê°œì¸ì ìœ¼ë¡œëŠ” ì •ë§ ë§˜ì— ë“¤ì—ˆìŠµë‹ˆë‹¤. ë‹¤ë§Œ, ë¹Œë¦° ë¼ì¼“ì˜ ê²½ìš° ê·¸ë¦½ì´ ì˜¤ë˜ë˜ì–´ ë‹¤ì†Œ ì•„ì‰¬ìš´ ì ì€ ìˆìŠµë‹ˆë‹¤. í—¬ìŠ¤ì¥ì´ë‚˜ ì‚¬ìš°ë‚˜ì‹œì„¤ì€ ì§ì ‘ ì´ìš©í•´ë³´ì§„ ì•Šì•˜ì§€ë§Œ ë¬´ë£Œë¡œ ì£¼ë³€ì—ì„œ ê´œì°¬ì€ í‰ì„ í•˜ëŠ” ê²ƒì„ ë“¤ì—ˆìŠµë‹ˆë‹¤.",Sempurna,"8,0",3 Feb 2018,Perjalanan bisnis 5 malam
120,jp,"å¾“æ¥­å“¡ã®æ…‹åº¦ã‚‚ç´ æ™´ã‚‰ã—ã‹ã£ãŸã§ã™ã€‚
ä½•ã‚ˆã‚Šæœé£Ÿãƒã‚¤ã‚­ãƒ³ã‚°ã®å“æ•°ã®å¤šã•ã«ã³ã£ãã‚Šï¼ï¼
ãã—ã¦çš†ç¾å‘³ã—ã‹ã£ãŸã§ã™ã€‚",Sempurna,"10,0",14 Jan 2018,Perjalanan 1 malam
121,br,"Ã“timo custo beneficio. Hotel luxuoso, limpo, atendimento bom, cafÃ© da manhÃ£ muito caprichado. SÃ³ incomodou um pouco a quantidade grande de hÃ³spedes, mas devido ao tamanho grande do hotel. NÃ£o sei dizer sobre itens de lazer pois ficamos pouco tempo e nÃ£o tivemos tempo para aproveitarmos a piscina e o parquinho para crianÃ§as.",Bagus Sekali,"10,0",18 Des 2017,Jalan-jalan keluarga 2 malam
122,jp,"æœé£Ÿã¯ç¨®é¡ã‚‚å¤šãã€ç¾å‘³ã—ãå¤§å¤‰æº€è¶³ã§ãã‚‹ã€‚ãƒˆã‚¤ãƒ¬ã€æµ´å®¤ã®æ§‹é€ ã€æ°´å‘¨ã‚Šã€æ’æ°´æ¼ã‚Œç­‰ã«é›£ç‚¹ãŒ
ã‚ã‚‹ãŒã€è²»ç”¨ã‚‚å®‰ãã€å…¨ä½“çš„ã«ã¯æº€è¶³ã§ãã‚‹ã€‚ãƒ­ã‚±ãƒ¼ã‚·ãƒ§ãƒ³ãŒã‚ã¾ã‚Šè‰¯ããªãã€ã‚¿ã‚¯ã‚·ãƒ¼ã‚‚å‘¼ã‚“ã§
åˆ©ç”¨ã§ãã‚‹ãªã©åˆ©ä¾¿æ€§ã«å•é¡Œã‚ã‚Šã€‚ãƒ›ãƒ†ãƒ«ã®è»Šã¯å®‰ãã¦è¦ªåˆ‡ã ã£ãŸã€‚",Bagus Sekali,"8,0",13 Nov 2017,Liburan romantis 3 malam
123,nl,"As soon as you arrive there, you smell the Javanese flowers and spices which make you feel so fresh... The ambiance and decorations, also the food in the restaurants tell you you're in Jogya, central Java.",Sempurna,"8,0",22 Jul 2017,Perjalanan 4 malam
124,nl,Hotel Tentrem reflects real Central Javanese culture and environment. I feel at home there...,Bagus Sekali,"10,0",17 Jul 2017,Perjalanan 2 malam
125,id,,Sempurna,"8,0",5 Feb 2020,Perjalanan 1 malam
126,id,,Sempurna,"10,0",24 Des 2019,Perjalanan 2 malam
127,id,,Sempurna,"10,0",8 Des 2019,Jalan-jalan keluarga 2 malam
128,gb,,Bagus,"10,0",8 Okt 2019,Perjalanan 3 malam
129,jp,,Sempurna,"6,0",29 Jul 2019,Perjalanan 2 malam
130,au,,Sempurna,"10,0",24 Jul 2019,Perjalanan bisnis 2 malam
131,id,,Sempurna,"10,0",15 Mar 2019,Perjalanan 3 malam
132,id,,Sempurna,"10,0",26 Jun 2019,Jalan-jalan keluarga 2 malam
133,kr,,Bagus Sekali,"10,0",14 Jun 2019,Perjalanan bisnis 1 malam
134,us,,Bagus Sekali,"8,0",15 Jun 2019,Liburan romantis 3 malam
135,id,,Sempurna,"8,0",1 Jun 2019,Jalan-jalan keluarga 1 malam
136,sg,,Sempurna,"10,0",1 Jun 2019,Jalan-jalan keluarga 2 malam
137,sg,,Sempurna,"10,0",17 Mei 2019,Liburan bersama teman 3 malam
138,us,,Sempurna,"10,0",27 Apr 2019,Perjalanan 5 malam
139,jp,,Sempurna,"10,0",30 Apr 2019,Perjalanan 2 malam
140,au,,Sempurna,"10,0",9 Apr 2019,Perjalanan 2 malam
141,us,,Bagus Sekali,"10,0",5 Mar 2019,Liburan romantis 2 malam
142,jp,,Sempurna,"8,0",31 Jan 2019,Liburan romantis 2 malam
143,au,,Sempurna,"10,0",17 Jan 2019,Jalan-jalan keluarga 2 malam
144,jp,,Sempurna,"10,0",30 Des 2018,Perjalanan 1 malam
145,id,,Sempurna,"10,0",22 Des 2018,Jalan-jalan keluarga 1 malam
146,id,,Sempurna,"10,0",15 Des 2018,Perjalanan bisnis 1 malam
147,hk,,Bagus Sekali,"10,0",17 Des 2018,Perjalanan 2 malam
148,my,,Sempurna,"8,0",5 Des 2018,Perjalanan 1 malam
149,hk,,Bagus Sekali,"10,0",30 Nov 2018,Perjalanan bisnis 1 malam
150,jp,,Sempurna,"9,2",15 Nov 2018,Perjalanan 3 malam
151,id,,Bagus Sekali,"10,0",9 Nov 2018,Jalan-jalan keluarga 1 malam
152,us,,Sempurna,"8,0",14 Okt 2018,Perjalanan 1 malam
153,id,,Sempurna,"10,0",14 Okt 2018,Liburan romantis 1 malam
154,my,,Sempurna,"10,0",22 Sep 2018,Perjalanan 4 malam
155,fr,,Sempurna,"10,0",7 Agt 2018,Jalan-jalan keluarga 4 malam
156,us,,Sempurna,"10,0",20 Jul 2018,Perjalanan 2 malam
157,id,,Sempurna,"10,0",14 Mei 2018,Jalan-jalan keluarga 7 malam
158,au,,Sempurna,"10,0",17 Mei 2018,Liburan romantis 1 malam
159,sg,,Sempurna,"10,0",29 Mar 2018,Perjalanan bisnis
160,kr,,Sempurna,"10,0",24 Mar 2018,Perjalanan bisnis
161,id,,Sempurna,"10,0",25 Feb 2018,Perjalanan bisnis
162,kr,,Sempurna,"10,0",13 Jan 2018,Perjalanan bisnis 2 malam
163,id,,Sempurna,"10,0",27 Okt 2017,Jalan-jalan keluarga 1 malam
164,in,,Sempurna,"10,0",22 Agt 2017,Liburan romantis 1 malam
